id,SNP_01_Enc,SNP_02_Enc,SNP_03_Enc,SNP_04_Enc,SNP_05_Enc,SNP_06_Enc,SNP_07_Enc,SNP_08_Enc,SNP_09_Enc,SNP_10_Enc,SNP_11_Enc,SNP_12_Enc,SNP_13_Enc,SNP_14_Enc,SNP_15_Enc,trait_1,trait_2
TEST_000,1,2,0,1,0,1,2,1,1,1,1,1,2,1,1,1,0
TEST_001,2,1,2,2,2,0,0,0,0,2,1,0,0,0,0,0,1
TEST_002,2,1,0,0,1,1,0,0,0,1,0,1,2,0,2,0,1
TEST_003,2,1,1,0,2,0,0,0,0,2,0,1,1,0,0,0,1
TEST_004,0,2,0,2,0,2,2,0,2,1,2,1,2,0,2,1,0
TEST_005,2,1,1,0,1,0,0,1,0,2,2,0,1,0,0,0,1
TEST_006,0,1,1,0,1,1,0,0,0,1,1,1,1,0,1,0,1
TEST_007,2,0,1,2,2,0,0,0,0,2,1,0,1,0,0,0,1
TEST_008,0,2,0,0,0,1,2,0,2,0,2,2,2,1,1,1,0
TEST_009,0,2,0,2,0,2,2,0,2,0,2,2,2,1,2,1,0
TEST_010,2,0,1,0,0,1,0,0,0,1,1,0,1,0,1,0,1
TEST_011,2,2,0,2,2,1,1,1,0,2,2,0,1,0,0,0,1
TEST_012,2,2,1,1,0,0,0,1,0,2,0,1,1,0,1,0,1
TEST_013,0,2,0,1,0,2,2,0,1,1,2,2,2,1,2,1,0
TEST_014,2,1,1,0,2,0,0,1,0,2,0,1,0,0,1,0,1
TEST_015,1,0,2,0,2,1,0,2,0,2,2,0,0,0,0,0,1
TEST_016,1,2,0,2,0,2,2,0,2,0,1,2,2,2,2,1,0
TEST_017,2,0,1,1,2,1,0,1,0,2,0,0,2,0,0,0,1
TEST_018,1,1,1,1,2,2,0,2,0,2,2,0,0,0,1,0,1
TEST_019,2,1,1,0,1,1,0,2,0,1,0,0,0,0,2,0,1
TEST_020,2,2,0,1,2,1,0,1,1,2,0,0,0,0,0,0,1
TEST_021,2,1,1,2,2,1,0,2,0,1,0,0,1,0,0,0,1
TEST_022,2,0,1,2,2,1,0,0,0,2,2,0,1,0,0,0,1
TEST_023,0,2,0,1,0,2,2,0,1,1,1,2,2,2,2,1,0
TEST_024,1,1,1,1,1,1,0,2,0,2,1,1,1,0,0,0,1
TEST_025,1,0,1,1,1,1,1,2,0,2,2,1,1,0,0,0,1
TEST_026,2,0,0,1,1,2,0,2,0,2,1,0,1,0,0,0,1
TEST_027,0,2,0,1,0,1,1,0,1,0,1,2,2,2,2,1,0
TEST_028,1,2,0,2,1,1,1,0,1,1,2,0,2,0,1,1,0
TEST_029,1,1,0,1,1,1,1,2,0,2,1,0,0,0,0,0,1
TEST_030,0,2,0,2,0,2,2,1,1,0,1,1,2,1,1,1,0
TEST_031,0,2,0,1,0,2,2,1,0,1,2,2,2,1,1,1,0
TEST_032,2,2,1,0,2,1,0,2,0,2,2,0,2,0,0,0,1
TEST_033,2,1,1,0,0,0,0,2,0,2,0,0,1,1,1,0,1
TEST_034,1,2,0,1,0,2,2,0,2,0,2,2,2,0,2,1,0
TEST_035,2,0,0,1,1,1,1,2,0,2,0,0,0,0,0,0,1
TEST_036,2,0,0,0,0,2,0,0,0,1,1,0,1,1,0,0,1
TEST_037,2,1,1,0,2,0,0,2,0,2,2,1,0,0,1,0,1
TEST_038,1,0,1,0,2,1,0,2,0,2,1,0,0,0,1,0,1
TEST_039,1,1,1,0,2,0,0,0,0,1,1,0,1,2,1,0,1
TEST_040,0,2,0,1,0,2,2,0,0,1,2,2,2,1,2,1,0
TEST_041,2,2,2,1,2,1,1,2,0,2,1,0,1,0,1,0,1
TEST_042,2,0,0,0,0,1,1,1,0,2,1,0,1,0,0,0,1
TEST_043,2,1,1,1,1,1,1,2,0,2,1,1,0,0,0,0,1
TEST_044,2,1,1,0,2,0,0,1,0,2,1,1,0,0,0,0,1
TEST_045,2,1,2,0,1,1,0,2,0,2,1,0,1,0,1,0,1
TEST_046,2,2,0,1,2,1,0,1,1,1,0,0,0,0,1,0,1
TEST_047,1,0,0,0,0,1,0,1,0,2,0,0,0,0,0,0,1
TEST_048,2,2,0,0,1,2,0,2,0,2,1,0,0,0,0,0,1
TEST_049,2,0,1,0,1,0,0,0,0,2,0,1,2,0,1,0,1
TEST_050,1,2,0,1,1,1,1,0,1,1,2,2,2,2,2,1,0
TEST_051,1,2,1,1,2,1,1,2,0,2,2,0,0,0,1,0,1
TEST_052,0,2,0,2,0,2,2,1,1,2,1,2,2,2,1,1,0
TEST_053,2,0,1,1,2,0,0,2,0,2,2,1,1,0,0,0,1
TEST_054,2,2,1,0,2,1,0,2,0,2,2,1,0,0,0,0,1
TEST_055,2,0,2,1,1,2,0,2,0,2,2,0,1,0,1,0,1
TEST_056,1,1,0,0,2,1,0,0,0,1,0,0,2,0,1,0,1
TEST_057,1,2,0,2,0,1,1,0,1,0,1,2,1,2,1,1,0
TEST_058,2,1,1,1,2,0,1,2,0,2,1,1,2,0,1,0,1
TEST_059,1,0,1,0,2,0,0,0,0,1,1,0,2,1,1,0,1
TEST_060,1,1,0,1,1,1,0,0,0,0,2,1,2,0,1,1,0
TEST_061,1,2,1,1,2,1,0,1,0,2,0,0,1,0,0,0,1
TEST_062,2,1,0,0,1,1,0,0,0,1,0,0,2,0,0,0,1
TEST_063,2,1,1,0,0,1,0,1,0,0,0,0,2,0,0,0,1
TEST_064,2,0,1,0,0,0,1,2,0,2,1,1,1,0,0,0,1
TEST_065,0,2,0,1,1,1,1,0,1,2,1,1,2,1,1,1,0
TEST_066,2,1,1,2,1,1,1,2,0,1,2,1,1,0,0,0,1
TEST_067,1,2,0,2,0,2,2,0,2,0,2,2,2,2,1,1,0
TEST_068,2,2,0,2,0,2,2,0,2,0,2,2,2,1,2,1,0
TEST_069,2,2,1,0,2,2,0,2,0,2,1,0,1,0,0,0,1
TEST_070,1,1,0,1,2,0,0,1,0,2,1,0,2,0,0,0,1
TEST_071,2,1,2,1,2,0,0,1,0,2,1,0,1,0,0,0,1
TEST_072,1,2,0,1,1,1,1,0,1,0,1,2,2,2,1,1,0
TEST_073,0,2,0,2,0,2,2,1,1,1,2,2,2,2,2,1,0
TEST_074,1,0,1,0,1,0,0,1,0,0,1,1,1,0,2,0,1
TEST_075,2,0,0,1,1,1,0,2,0,2,1,0,1,0,1,0,1
TEST_076,1,0,2,0,1,0,0,0,0,1,0,0,2,1,1,0,1
TEST_077,1,2,2,0,2,1,0,2,0,2,2,0,1,0,1,0,1
TEST_078,2,2,1,1,1,2,0,1,1,2,1,1,0,0,1,0,1
TEST_079,2,1,2,2,1,2,0,2,0,2,1,0,2,0,0,0,1
TEST_080,1,1,1,0,0,0,0,2,1,1,0,0,2,1,0,0,1
TEST_081,2,1,1,0,2,1,0,2,0,2,0,0,0,0,0,0,1
TEST_082,0,2,0,1,0,2,2,0,1,1,2,1,2,1,1,1,0
TEST_083,1,2,0,0,1,2,0,2,0,2,2,0,1,0,0,0,1
TEST_084,1,2,2,1,2,1,0,2,0,1,2,0,2,0,0,0,1
TEST_085,2,1,1,2,1,1,0,1,0,2,2,0,0,0,1,0,1
TEST_086,1,2,0,1,2,1,0,2,0,2,2,0,1,0,1,0,1
TEST_087,2,2,2,1,2,1,0,2,1,2,0,1,0,0,0,0,1
TEST_088,2,0,2,0,0,1,1,1,0,2,1,0,1,0,0,0,1
TEST_089,0,2,0,1,1,2,1,0,1,1,2,2,2,2,2,1,0
TEST_090,2,1,1,1,0,0,0,2,0,2,1,0,0,0,0,0,1
TEST_091,1,2,1,1,2,1,1,2,0,2,0,0,1,0,1,0,1
TEST_092,2,0,1,0,1,0,0,1,0,2,0,1,2,0,0,0,1
TEST_093,2,1,1,1,1,1,0,2,0,2,1,1,0,0,0,0,1
TEST_094,2,1,0,1,2,1,0,1,0,2,2,0,0,0,0,0,1
TEST_095,1,1,1,0,1,1,0,0,0,0,1,0,2,0,0,0,1
TEST_096,0,1,0,2,1,1,1,0,1,1,2,1,2,1,2,1,0
TEST_097,2,2,1,0,2,1,0,1,1,2,0,1,1,0,1,0,1
TEST_098,0,2,0,2,0,2,2,0,1,0,2,2,2,1,2,1,0
TEST_099,2,1,1,0,1,0,1,1,0,1,0,0,0,0,1,0,1
TEST_100,0,2,0,1,0,2,2,1,1,1,2,2,2,2,2,1,0
TEST_101,1,1,1,1,1,1,0,1,0,2,2,0,1,0,0,0,1
TEST_102,2,1,1,0,2,0,0,2,0,2,2,0,2,0,1,0,1
TEST_103,2,1,1,0,1,0,0,1,1,1,0,0,2,0,1,0,1
TEST_104,0,2,0,2,0,2,2,1,1,1,2,2,2,2,1,1,0
TEST_105,1,2,0,1,1,1,1,0,1,0,1,2,2,2,2,1,0
TEST_106,1,1,0,0,1,1,0,0,0,1,0,0,0,0,1,0,1
TEST_107,2,1,0,0,1,0,0,2,0,2,1,0,1,0,0,0,1
TEST_108,0,2,0,1,0,2,2,0,2,1,1,1,2,1,2,1,0
TEST_109,2,1,0,2,1,1,0,2,0,2,0,0,1,0,1,0,1
TEST_110,1,1,1,0,1,0,0,1,0,1,1,1,2,2,1,0,1
TEST_111,1,2,1,1,1,0,1,2,0,2,1,1,0,0,1,0,1
TEST_112,1,1,1,1,2,1,0,1,0,2,2,0,0,0,0,0,1
TEST_113,2,2,0,1,2,1,0,1,1,2,0,0,1,0,0,0,1
TEST_114,2,0,2,2,2,1,0,1,0,2,2,0,2,0,0,0,1
TEST_115,0,2,0,2,0,2,2,0,1,1,1,2,2,2,2,1,0
TEST_116,1,2,0,2,0,2,2,0,2,0,2,1,2,1,2,1,0
TEST_117,2,1,2,0,2,1,1,1,0,1,1,1,1,0,1,0,1
TEST_118,2,2,0,0,2,1,0,2,0,2,0,0,1,0,0,0,1
TEST_119,2,1,0,0,2,0,0,0,0,2,0,1,1,0,1,0,1
TEST_120,0,2,0,1,1,2,1,0,1,1,2,2,2,1,2,1,0
TEST_121,2,1,1,1,2,1,0,1,1,2,1,1,0,0,0,0,1
TEST_122,2,2,1,0,2,0,0,2,0,2,1,0,1,0,2,0,1
TEST_123,1,2,1,0,0,0,1,2,0,1,0,0,0,0,1,0,1
TEST_124,0,1,2,0,0,2,0,1,0,1,2,0,1,0,1,0,1
TEST_125,2,2,1,2,2,0,0,0,0,2,1,0,1,0,0,0,1
TEST_126,2,0,2,1,1,2,1,2,0,2,2,0,2,1,0,0,1
TEST_127,1,2,0,1,2,0,1,2,0,2,0,0,1,0,1,0,1
TEST_128,1,2,0,2,0,2,2,0,1,0,1,2,2,2,2,1,0
TEST_129,2,0,1,1,2,0,0,2,0,2,1,1,0,0,0,0,1
TEST_130,0,2,0,1,1,1,1,0,0,0,2,2,2,1,2,1,0
TEST_131,0,2,0,1,1,1,1,0,1,0,2,1,2,1,1,1,0
TEST_132,2,0,1,1,1,0,0,1,0,2,1,0,0,0,1,0,1
TEST_133,2,1,2,0,2,1,0,2,0,2,2,1,1,0,1,0,1
TEST_134,0,0,1,1,2,0,0,2,0,2,0,1,1,0,0,0,1
TEST_135,0,0,1,0,0,0,0,1,0,1,0,0,1,0,0,0,1
TEST_136,0,2,0,1,0,2,2,0,1,0,2,2,2,2,2,1,0
TEST_137,0,2,0,1,0,2,2,0,1,0,2,1,2,1,2,1,0
TEST_138,2,0,1,0,1,1,0,2,0,2,2,0,1,0,0,0,1
TEST_139,0,2,0,2,1,1,1,1,0,2,2,2,2,1,1,1,0
TEST_140,0,2,0,1,1,0,0,0,1,1,1,1,2,2,2,1,0
TEST_141,0,2,0,2,0,2,2,0,1,1,2,1,2,1,2,1,0
TEST_142,1,1,2,0,1,0,0,0,0,1,1,0,2,1,1,0,1
TEST_143,2,2,0,2,2,1,0,1,0,2,2,0,1,0,0,0,1
TEST_144,2,0,2,1,2,0,0,1,0,2,1,0,2,0,0,0,1
TEST_145,2,1,1,0,2,0,1,2,0,2,0,0,0,0,1,0,1
TEST_146,0,2,0,1,0,2,2,1,1,0,2,2,2,1,2,1,0
TEST_147,2,0,1,1,1,1,0,2,0,2,1,0,0,0,0,0,1
TEST_148,1,0,2,0,1,0,1,1,0,2,0,0,1,0,0,0,1
TEST_149,1,2,0,1,1,2,1,0,1,0,2,2,2,1,2,1,0
TEST_150,0,1,0,2,0,1,1,0,2,1,2,1,2,1,2,1,0
TEST_151,1,2,2,1,2,1,0,1,0,2,1,0,0,0,2,0,1
TEST_152,0,2,0,2,0,2,2,1,1,0,1,2,2,1,2,1,0
TEST_153,2,2,1,1,2,1,1,2,0,2,1,0,0,0,1,0,1
TEST_154,1,1,1,1,2,1,0,2,0,2,1,0,1,0,1,0,1
TEST_155,2,2,0,2,0,2,2,0,1,0,2,2,2,2,1,1,0
TEST_156,0,2,0,1,0,2,2,0,1,1,1,1,2,2,1,1,0
TEST_157,2,1,1,1,2,0,0,1,0,2,1,0,1,0,0,0,1
TEST_158,1,0,1,0,1,1,0,0,0,2,0,1,2,0,1,0,1
TEST_159,0,2,0,2,0,2,2,1,1,0,2,1,2,1,1,1,0
TEST_160,1,2,1,1,2,1,0,2,0,2,1,0,1,0,0,0,1
TEST_161,2,0,0,0,0,0,1,2,0,1,1,0,1,0,1,0,1
TEST_162,2,1,0,0,1,0,1,2,0,2,1,0,2,0,0,0,1
TEST_163,2,2,1,1,2,1,0,1,0,2,1,0,0,0,0,0,1
TEST_164,0,2,0,1,0,2,2,0,1,0,2,2,2,1,2,1,0
TEST_165,0,1,0,2,0,2,2,0,2,0,2,2,2,0,2,1,0
TEST_166,1,0,2,0,1,1,0,0,0,0,0,1,1,0,1,0,1
TEST_167,2,1,2,1,2,0,0,0,0,2,0,0,0,0,1,0,1
TEST_168,2,1,0,0,2,0,0,1,0,2,2,0,2,0,0,0,1
TEST_169,1,2,0,1,0,2,2,0,2,0,2,2,2,2,2,1,0
TEST_170,1,2,2,0,1,1,0,2,0,2,2,0,0,0,1,0,1
TEST_171,2,0,0,0,1,1,0,0,0,1,0,0,1,0,1,0,1
TEST_172,2,0,0,0,1,1,0,0,0,2,1,0,1,0,2,0,1
TEST_173,1,2,1,1,2,2,0,1,0,2,1,0,0,0,0,0,1
TEST_174,2,2,2,1,1,0,1,2,0,2,2,0,0,0,0,0,1
